{"cameraMode":{"drawMode":0,"name":"Shaded","section":"Shading Mode"},"sceneLighting":true,"audioPlay":false,"sceneViewState":{"showFog":true,"showMaterialUpdate":false,"showSkybox":true,"showFlares":true,"showImageEffects":true,"showParticleSystems":true},"in2DMode":false,"pivot":{"x":676.4405517578125,"y":7.996285915374756,"z":619.2119750976563},"rotation":{"x":0.022144239395856859,"y":0.9452256560325623,"z":-0.06561926007270813,"w":0.3190041184425354},"size":9.423818588256836,"orthographic":false}